{"成都地铁1号线": {"升仙湖": [104.083342, 30.704873], "火车北站": [104.074066, 30.695507], "人民北路": [104.073116, 30.685326], "文殊院": [104.068058, 30.672541], "骡马市": [104.0656, 30.666618], "天府广场": [104.06683, 30.657461], "锦江宾馆": [104.06605, 30.650145], "华西坝": [104.066277, 30.642999], "省体育馆": [104.066553, 30.633379], "倪家桥": [104.066909, 30.624904], "桐梓林": [104.067102, 30.61557], "火车南": [104.067421, 30.605335], "高新站": [104.063991, 30.594306], "金融城": [104.064118, 30.582588], "孵化园": [104.064344, 30.57566], "锦城广场": [104.066625, 30.567578], "世纪城": [104.068916, 30.555011], "天府三街": [104.069158, 30.546175], "天府五街": [104.069457, 30.53711], "华府大道": [104.069763, 30.525708], "四河": [104.070062, 30.516217], "广都": [104.075839, 30.510804]}, "成都地铁2号线": {"犀浦": [103.971138, 30.758579], "天河路": [103.976168, 30.745817], "百草路": [103.979242, 30.733174], "金周路": [103.995754, 30.721534], "金科北路": [104.006886, 30.720628], "迎宾大道": [104.013555, 30.713158], "茶店子客运站": [104.013404, 30.705895], "羊犀立交": [104.012648, 30.693994], "一品天下": [104.019704, 30.688952], "蜀汉路东": [104.028959, 30.682928], "白果林": [104.033316, 30.673755], "中医大省医院": [104.041007, 30.665942], "通惠门": [104.048385, 30.662195], "人民公园": [104.056806, 30.659266], "天府广场": [104.06683, 30.657461], "春熙路": [104.080054, 30.653417], "东门大桥": [104.087247, 30.648316], "牛王庙": [104.094565, 30.645033], "牛市口": [104.10771, 30.6378], "东大路": [104.112789, 30.633256], "塔子山公园": [104.122693, 30.629619], "成都东客站": [104.140625, 30.628989], "成渝立交": [104.147288, 30.624979], "惠王陵": [104.152077, 30.612623], "洪河": [104.157449, 30.60504], "成都行政学院": [104.170238, 30.597136], "大面铺": [104.201258, 30.592547], "连山坡": [104.212797, 30.587815], "界牌": [104.225329, 30.582809], "书房": [104.242246, 30.575778], "龙平路": [104.258846, 30.573036], "龙泉驿": [104.267963, 30.560149]}, "成都地铁7号线": {"崔家店站": [104.13644, 30.665446], "双店路站": [104.136988, 30.657592], "槐树店站": [104.139452, 30.650572], "迎晖路站": [104.139648, 30.638275], "成都东客站": [104.140625, 30.628989], "大观站": [104.133129, 30.621483], "狮子山站": [104.124255, 30.61586], "四川师大站": [104.115957, 30.609378], "琉璃场站": [104.100657, 30.607489], "三瓦窑站": [104.077486, 30.604171], "火车南站": [104.067421, 30.605335], "神仙树站": [104.047407, 30.609263], "高朋大道站": [104.032728, 30.61726], "太平园站": [104.021244, 30.625446], "龙爪堰站": [104.008551, 30.6511], "武侯大道站": [104.012802, 30.637374], "东坡路站": [104.007922, 30.660957], "文化宫站": [104.009398, 30.672265], "金沙博物馆站": [104.012488, 30.677487], "一品天下站": [104.019704, 30.688952], "茶店子站": [104.030614, 30.696106], "西南交大站": [104.049032, 30.694434], "九里堤站": [104.057462, 30.694699], "北站西二路站": [104.065926, 30.694643], "火车北站": [104.074066, 30.695507], "驷马桥站": [104.093348, 30.695471], "府青路站": [104.107135, 30.694582], "八里庄站": [104.118149, 30.687074], "二仙桥站": [104.12638, 30.680812], "理工大学站": [104.135236, 30.674152]}, "成都地铁4号线": {"西河站": [104.220226, 30.647199], "明蜀王陵": [104.196372, 30.648316], "成都大学": [104.180956, 30.646816], "十陵站": [104.172507, 30.645823], "来龙站": [104.164622, 30.646831], "槐树店站": [104.139452, 30.650572], "万年场": [104.118847, 30.644387], "双桥路": [104.11323, 30.647019], "玉双路": [104.099459, 30.653423], "市二医院站": [104.08402, 30.6608], "太升南路": [104.076537, 30.664823], "骡马市": [104.0656, 30.666618], "宽窄巷子": [104.050669, 30.665404], "中医大省医院站": [104.041007, 30.665942], "草堂北路站": [104.028421, 30.669034], "西南财大站": [104.02031, 30.670437], "文化宫站": [104.009398, 30.672265], "清江西路站": [103.998775, 30.676517], "成都西站": [103.976474, 30.68367], "中坝": [103.964089, 30.673535], "蔡桥": [103.945182, 30.669437], "非遗博览园": [103.922221, 30.674159], "马厂坝站": [103.913743, 30.677427], "凤凰大街": [103.889613, 30.677494], "涌泉站": [103.87326, 30.678881], "光华公园": [103.860984, 30.684736], "南熏大道": [103.851638, 30.689692], "凤溪河": [103.843076, 30.68613], "杨柳河": [103.830999, 30.680853], "万盛站": [103.818923, 30.675384]}, "成都地铁10号线": {"太平园": [104.021244, 30.625446], "簇锦": [104.007879, 30.611137], "华兴": [104.000929, 30.598469], "金花": [103.97006, 30.591466], "双流机场1航站楼": [103.95882, 30.57848], "双流机场2航站楼": [103.955495, 30.569918]}, "成都地铁3号线": {"军区总医院": [104.114249, 30.744864], "熊猫大道": [104.107957, 30.725574], "动物园": [104.103519, 30.713433], "昭觉寺南路": [104.097142, 30.703345], "驷马桥": [104.093348, 30.695471], "李家沱": [104.094798, 30.689351], "前锋路": [104.092198, 30.679099], "红星桥": [104.090641, 30.671047], "市二医院": [104.08402, 30.6608], "春熙路": [104.080054, 30.653417], "新南门": [104.075407, 30.644598], "磨子桥": [104.076114, 30.636788], "省体育馆": [104.066553, 30.633379], "衣冠庙": [104.052306, 30.634529], "高升桥": [104.04242, 30.640207], "红牌楼": [104.029733, 30.634738], "太平园": [104.021244, 30.625446]}}